{"cameraMode":{"drawMode":0,"name":"Shaded","section":"Shading Mode"},"sceneLighting":false,"audioPlay":false,"sceneViewState":{"m_AlwaysRefresh":false,"showFog":true,"showSkybox":false,"showFlares":true,"showImageEffects":true,"showParticleSystems":true,"showVisualEffectGraphs":true,"m_FxEnabled":true},"in2DMode":false,"pivot":{"x":-0.06000000238418579,"y":0.0014999997802078724,"z":0.20000000298023225},"rotation":{"x":-0.038990095257759097,"y":0.0029980349354445936,"z":0.0001177377489511855,"w":0.9992373585700989},"size":0.06874508410692215,"orthographic":true}