{"cameraMode":{"drawMode":0,"name":"Shaded","section":"Shading Mode"},"sceneLighting":false,"audioPlay":false,"sceneViewState":{"m_AlwaysRefresh":false,"showFog":true,"showSkybox":false,"showFlares":true,"showImageEffects":true,"showParticleSystems":true,"showVisualEffectGraphs":true,"m_FxEnabled":true},"in2DMode":false,"pivot":{"x":0.1108856201171875,"y":0.0727691650390625,"z":2.5299887657165529},"rotation":{"x":-0.038990095257759097,"y":0.0029980349354445936,"z":0.0001177377489511855,"w":0.9992373585700989},"size":1.589824914932251,"orthographic":true}